disc	folder	series	title
Disc 1	INTRODUC	Robinson Curriculum - Course Guide	01 - Introduction
Disc 1	OVERVIEW	Robinson Curriculum - Course Guide	02 - Overview
Disc 1	TEACHING	Robinson Curriculum - Course Guide	03 - Teaching
Disc 1	LEARNING	Robinson Curriculum - Course Guide	04 - Learning
Disc 1	STUDY_EN	Robinson Curriculum - Course Guide	05 - Studying English
Disc 1	SCI_MATH	Robinson Curriculum - Course Guide	06 - Science and Mathematics
Disc 1	VOCABLRY	Robinson Curriculum - Course Guide	07 - Vocabulary
Disc 1	PENMNSHP	Robinson Curriculum - Course Guide	08 - Penmanship
Disc 1	CH_CHIL	Robinson Curriculum - Course Guide	09 - Children and Chores
Disc 1	BOOKS	Robinson Curriculum - Course Guide	10 - Books
Disc 1	EXAMINE	Robinson Curriculum - Course Guide	11 - Examinations
Disc 1	BOOK_BUY	Robinson Curriculum - Course Guide	12 - Buying Books
Disc 1	ORDERING	Robinson Curriculum - Course Guide	13 - Ordering
Disc 1	VOL1	Robinson Curriculum - Encyclopedia	Volume 01
Disc 1	VOL2	Robinson Curriculum - Encyclopedia	Volume 02
Disc 1	VOL3	Robinson Curriculum - Encyclopedia	Volume 03
Disc 1	X_INTRO	Robinson Curriculum - Extra Books	00 - Introduction
Disc 1	X_INST	Robinson Curriculum - Extra Books	00 - Instructions
Disc 1	X_1LWW	The Lion, the Witch and the Wardrobe (Lewis)	Part 1
Disc 1	X_2LWW	The Lion, the Witch and the Wardrobe (Lewis)	Part 2
Disc 1	X_3LWW	The Lion, the Witch and the Wardrobe (Lewis)	Part 3
Disc 1	X_1CASP	Prince Caspian (Lewis)	Part 1
Disc 1	X_2CASP	Prince Caspian (Lewis)	Part 2
Disc 1	X_3CASP	Prince Caspian (Lewis)	Part 3
Disc 1	X_1HORSE	The Horse and His Boy (Lewis)	Part 1
Disc 1	X_2HORSE	The Horse and His Boy (Lewis)	Part 2
Disc 1	X_3HORSE	The Horse and His Boy (Lewis)	Part 3
Disc 1	X_1LST_B	The Last Battle (Lewis)	Part 1
Disc 1	X_2LST_B	The Last Battle (Lewis)	Part 2
Disc 1	X_3LST_B	The Last Battle (Lewis)	Part 3
Disc 1	X_1MAGIC	The Magicians Nephew (Lewis)	Part 1
Disc 1	X_2MAGIC	The Magicians Nephew (Lewis)	Part 2
Disc 1	X_3MAGIC	The Magicians Nephew (Lewis)	Part 3
Disc 1	X_1SL_CH	The Silver Chair (Lewis)	Part 1
Disc 1	X_2SL_CH	The Silver Chair (Lewis)	Part 2
Disc 1	X_3SL_CH	The Silver Chair (Lewis)	Part 3
Disc 1	X_1VOYAG	The Voyage of the Dawn Treader (Lewis)	Part 1
Disc 1	X_2VOYAG	The Voyage of the Dawn Treader (Lewis)	Part 2
Disc 1	X_3VOYAG	The Voyage of the Dawn Treader (Lewis)	Part 3
Disc 1	X_1SWYER	Tom Sawyer (Twain)	Part 1
Disc 1	X_2SWYER	Tom Sawyer (Twain)	Part 2
Disc 1	X_3SWYER	Tom Sawyer (Twain)	Part 3
Disc 1	X_H_1FIN	Huckleberry Finn (Twain)	Part 1
Disc 1	X_H_2FIN	Huckleberry Finn (Twain)	Part 2
Disc 1	X_AESOP	Aesops Fables	Aesops Fables (excerpt)
Disc 1	X_HEIDI	Heidi (Spyri)	Heidi (excerpt)
Disc 1	X_JUNGLE	The Jungle Book (Kipling)	Part 1
Disc 1	X_2JNGLE	The Jungle Book (Kipling)	Part 2
Disc 1	X_JST_SO	Just So Stories (Kipling)	Just So Stories (excerpt)
Disc 1	X_PIPER	The Pied Piper of Hamelin (Browning)	The Pied Piper
Disc 1	X_PNCHIO	Pinocchio (Collodi)	Pinocchio (excerpt)
Disc 1	X_PLG_1P	Pilgrims Progress (Bunyan)	Part 1
Disc 1	X_PLG_2P	Pilgrims Progress (Bunyan)	Part 2
Disc 1	X_LAW	The Law (Bastiat)	The Law (excerpt)
Disc 1	X_CLMBUS	Biographies	Christopher Columbus (excerpt)
Disc 1	X_PRINCE	The Prince (Machiavelli)	The Prince (excerpt)
Disc 1	X_SLAVRY	History	Slavery in America (excerpt)
Disc 1	X_USHIST	History	US History (excerpt)
Disc 1	X_WOMEN	History	Notable Women (excerpt)
Disc 1	X_R_FARM	Rebecca of Sunnybrook Farm (Wiggin)	Rebecca (excerpt)
Disc 1	X_P_GREW	Pollyanna Grows Up (Porter)	Pollyanna Grows Up
Disc 1	X_PR_CRD	Uncategorized	X PR CRD
Disc 1	X_PR_GOB	The Princess and the Goblin (MacDonald)	The Princess and the Goblin
Disc 1	X_B_LIES	Uncategorized	X B LIES
Disc 1	X_FIAT_F	Uncategorized	X FIAT F
Disc 1	X_N_GIVE	Uncategorized	X N GIVE
Disc 1	X_2CITY	A Tale of Two Cities (Dickens)	A Tale of Two Cities (excerpt)
Disc 2	VOL4	Robinson Curriculum - Encyclopedia	Volume 04
Disc 2	VOL5	Robinson Curriculum - Encyclopedia	Volume 05
Disc 2	VOL6	Robinson Curriculum - Encyclopedia	Volume 06
Disc 2	FR_RCTC	Uncategorized	FR RCTC
Disc 3	VOL7	Robinson Curriculum - Encyclopedia	Volume 07
Disc 3	VOL8	Robinson Curriculum - Encyclopedia	Volume 08
Disc 3	VOL9	Robinson Curriculum - Encyclopedia	Volume 09
Disc 3	CH_BIBLE	Robinson Curriculum - Bible	Childrens Bible
Disc 4	VOL10	Robinson Curriculum - Encyclopedia	Volume 10
Disc 4	VOL11	Robinson Curriculum - Encyclopedia	Volume 11
Disc 4	VOL12	Robinson Curriculum - Encyclopedia	Volume 12
Disc 4	1ANS_MCH	Uncategorized	1ANS MCH
Disc 4	ANS_BMCH	Uncategorized	ANS BMCH
Disc 4	BE_UNI	Uncategorized	BE UNI
Disc 4	FSPSTR	Uncategorized	FSPSTR
Disc 4	MECH_UNI	Science	The Mechanical Universe
Disc 4	STM_ND	Uncategorized	STM ND
Disc 5	VOL13	Robinson Curriculum - Encyclopedia	Volume 13
Disc 5	VOL14	Robinson Curriculum - Encyclopedia	Volume 14
Disc 5	VOL15	Robinson Curriculum - Encyclopedia	Volume 15
Disc 5	ACCESS_E	Uncategorized	ACCESS E
Disc 5	CHEM_PR	Science	Chemical Principles
Disc 6	VOL16	Robinson Curriculum - Encyclopedia	Volume 16
Disc 6	VOL17	Robinson Curriculum - Encyclopedia	Volume 17
Disc 6	VOL18	Robinson Curriculum - Encyclopedia	Volume 18
Disc 6	NWSS	Uncategorized	NWSS
Disc 6	THERM_DY	Science	Thermodynamics
Disc 7	VOL19	Robinson Curriculum - Encyclopedia	Volume 19
Disc 7	VOL20	Robinson Curriculum - Encyclopedia	Volume 20
Disc 7	VOL21	Robinson Curriculum - Encyclopedia	Volume 21
Disc 7	CALVIN1	Calvins Institutes	Part 1
Disc 8	VOL22	Robinson Curriculum - Encyclopedia	Volume 22
Disc 8	VOL23	Robinson Curriculum - Encyclopedia	Volume 23
Disc 8	VOL24	Robinson Curriculum - Encyclopedia	Volume 24
Disc 9	VOL25	Robinson Curriculum - Encyclopedia	Volume 25
Disc 9	VOL26	Robinson Curriculum - Encyclopedia	Volume 26
Disc 9	VOL27	Robinson Curriculum - Encyclopedia	Volume 27
Disc 9	CALVIN2	Calvins Institutes	Part 2
Disc 10	VOL28	Robinson Curriculum - Encyclopedia	Volume 28
Disc 10	VOL29	Robinson Curriculum - Encyclopedia	Volume 29
Disc 10	KJBIBLE	Robinson Curriculum - Bible	King James Bible
Disc 11	DVOL1	Robinson Curriculum - Dictionary	Volume 01
Disc 11	DVOL2	Robinson Curriculum - Dictionary	Volume 02
Disc 11	DVOL3	Robinson Curriculum - Dictionary	Volume 03
Disc 11	DVOL4	Robinson Curriculum - Dictionary	Volume 04
Disc 11	DVOL5	Robinson Curriculum - Dictionary	Volume 05
Disc 11	DVOL6	Robinson Curriculum - Dictionary	Volume 06
Disc 12	DVOL7	Robinson Curriculum - Dictionary	Volume 07
Disc 12	DVOL8	Robinson Curriculum - Dictionary	Volume 08
Disc 12	DVOL9	Robinson Curriculum - Dictionary	Volume 09
Disc 12	DVOL10	Robinson Curriculum - Dictionary	Volume 10
Disc 13	1CWRSTR	Robinson Curriculum - Cursive Writing	Workbook 1
Disc 14	2CWRSTR	Robinson Curriculum - Cursive Writing	Workbook 2
Disc 16	AESOP	Aesops Fables	Aesops Fables
Disc 16	ALICE	Alice in Wonderland (Carroll)	Alice in Wonderland
Disc 16	HEIDI	Heidi (Spyri)	Heidi
Disc 16	PINNOCH	Pinocchio (Collodi)	Pinocchio
Disc 16	SWISS	The Swiss Family Robinson (Wyss)	The Swiss Family Robinson
Disc 16	JUSTSO	Just So Stories (Kipling)	Just So Stories
Disc 16	NURSERY	Classic Children	Nursery Rhymes
Disc 16	REBECCA	Rebecca of Sunnybrook Farm (Wiggin)	Rebecca of Sunnybrook Farm
Disc 16	COLUMBUS	Biographies	Christopher Columbus
Disc 16	GEORGE	Biographies	George Washington
Disc 16	H_USGRAN	Biographies	Ulysses S Grant
Disc 16	T_J_ROBI	Uncategorized	T J ROBI
Disc 16	CH_H_H	Uncategorized	CH H H
Disc 16	JACK_WAR	Uncategorized	JACK WAR
Disc 16	DO_AND_D	Uncategorized	DO AND D
Disc 16	PADY_MUS	Uncategorized	PADY MUS
Disc 16	REM_RET	Uncategorized	REM RET
Disc 16	SOL_OWL	Uncategorized	SOL OWL
Disc 16	UN_REM	Uncle Remus (Harris)	Uncle Remus Returns
Disc 16	MRV1	Makers of the Revolution	Volume 1
Disc 16	MRV2	Makers of the Revolution	Volume 2
Disc 16	MRV3	Makers of the Revolution	Volume 3
Disc 16	MRV4	Makers of the Revolution	Volume 4
Disc 16	TS_AIR	Tom Swift	Tom Swift and His Airship
Disc 16	TS_AIS	Tom Swift	Tom Swift and His Air Scout
Disc 16	TS_MB	Tom Swift	Tom Swift and His Motor Boat
Disc 16	ROV_COLL	Rover Boys	Rover Boys at College
Disc 16	ROV_EAST	Rover Boys	Rover Boys in the East
Disc 16	ROV_HUNT	Rover Boys	Rover Boys on a Hunt
Disc 16	ROV_LAKE	Rover Boys	Rover Boys on the Great Lakes
Disc 16	ROV_LAND	Rover Boys	Rover Boys on the Land
Disc 16	ROV_OCEA	Rover Boys	Rover Boys on the Ocean
Disc 16	ROV_RIVE	Rover Boys	Rover Boys on the River
Disc 16	ROV_SNOW	Rover Boys	Rover Boys in the Snow
Disc 16	ROV_SOUT	Rover Boys	Rover Boys in the South
Disc 16	ROV_TOUR	Rover Boys	Rover Boys on a Tour
Disc 16	ROV_TRES	Rover Boys	Rover Boys and the Treasure
Disc 16	4NAVALHE	History	Naval Heroes
Disc 16	50_FAM_S	Classic Literature	50 Famous Stories
Disc 16	5P_JL_P	Uncategorized	5P JL P
Disc 16	5PBN_P	Uncategorized	5PBN P
Disc 16	5PHTGR	Uncategorized	5PHTGR
Disc 16	5PMIDWAY	History	Midway (Pacific)
Disc 16	BBS_SC	Thornton Burgess - Bedtime Stories	Sammy Jay
Disc 17	BOB	Uncategorized	BOB
Disc 17	BOY_KNT	Classic Children	Boy Knight
Disc 17	BRAVE_BO	Classic Children	Brave Boys
Disc 17	CAP_COUR	Captains Courageous (Kipling)	Captains Courageous
Disc 17	CROCKET	Biographies	Davy Crockett
Disc 17	FAC_T_WO	Uncategorized	FAC T WO
Disc 17	GULLIVER	Gullivers Travels (Swift)	Gullivers Travels
Disc 17	GWV1	Biographies	George Washington Vol 1
Disc 17	HANS_BRI	Hans Brinker (Dodge)	Hans Brinker or the Silver Skates
Disc 17	HIAWATHA	The Song of Hiawatha (Longfellow)	The Song of Hiawatha
Disc 17	HOUND	The Hound of the Baskervilles (Doyle)	The Hound of the Baskervilles
Disc 17	JB1	The Jungle Book (Kipling)	Volume 1
Disc 17	JB2	The Jungle Book (Kipling)	Volume 2
Disc 17	L_O_L_FT	Uncategorized	L O L FT
Disc 17	LITTLE_M	Little Men (Alcott)	Little Men
Disc 17	LITTLE_W	Little Women (Alcott)	Little Women
Disc 17	MRV5	Makers of the Revolution	Volume 5
Disc 17	MRV6	Makers of the Revolution	Volume 6
Disc 17	PATHFIND	The Pathfinder (Cooper)	The Pathfinder
Disc 17	PIED_PIP	The Pied Piper of Hamelin (Browning)	The Pied Piper of Hamelin
Disc 17	PRIN_A_P	The Prince and the Pauper (Twain)	The Prince and the Pauper
Disc 17	REMUS	Uncle Remus (Harris)	Uncle Remus Volume 1
Disc 17	REMUS2	Uncle Remus (Harris)	Uncle Remus Volume 2
Disc 17	SAWYER	Tom Sawyer (Twain)	Tom Sawyer
Disc 17	TS_SUB	Tom Swift	Tom Swift and His Submarine Boat
Disc 17	UP_F_SLA	Biographies	Up From Slavery (Washington)
Disc 17	US_GRNT1	Biographies	Ulysses S Grant Memoirs Vol 1
Disc 17	US_GRNT2	Biographies	Ulysses S Grant Memoirs Vol 2
Disc 18	AFASHORE	Uncategorized	AFASHORE
Disc 18	AOAQN	Uncategorized	AOAQN
Disc 18	CROCK	Biographies	Davy Crockett (alt)
Disc 18	EC_IN_1_	Economics	Economics in One Lesson (Hazlitt)
Disc 18	ECO_SOF	Economics	Economic Sophisms (Bastiat)
Disc 18	FRANKLIN	Biographies	Benjamin Franklin Autobiography
Disc 18	GWDV1	George Washington - Diaries	Volume 1
Disc 18	GWDV2	George Washington - Diaries	Volume 2
Disc 18	GWDV3	George Washington - Diaries	Volume 3
Disc 18	GWDV4	George Washington - Diaries	Volume 4
Disc 18	GWV2	Biographies	George Washington Vol 2
Disc 18	GWV3	Biographies	George Washington Vol 3
Disc 18	HOLY_WAR	The Holy War (Bunyan)	The Holy War
Disc 18	KIPLING	Classic Literature	Kipling Stories
Disc 18	L_READ	Uncategorized	L READ
Disc 18	LINCOLN	Biographies	Abraham Lincoln
Disc 18	MRV7	Makers of the Revolution	Volume 7
Disc 18	NOT_YOUR	Uncategorized	NOT YOUR
Disc 18	O_W_HOLM	Biographies	Oliver Wendell Holmes
Disc 18	PIL_PROG	Pilgrims Progress (Bunyan)	Pilgrims Progress
Disc 18	PUDD_W	Puddnhead Wilson (Twain)	Puddnhead Wilson
Disc 18	ROB_CRUS	Robinson Crusoe (Defoe)	Robinson Crusoe
Disc 18	ROLAND	Classic Literature	The Song of Roland
Disc 18	ROTHBARD	Economics	Rothbard Essays
Disc 18	SPY	The Spy (Cooper)	The Spy
Disc 18	THE_LAW	The Law (Bastiat)	The Law
Disc 18	TRES_ISL	Treasure Island (Stevenson)	Treasure Island
Disc 18	VICAR_WK	The Vicar of Wakefield (Goldsmith)	The Vicar of Wakefield
Disc 19	CICERO	Classical Literature	Cicero
Disc 19	DON_Q	Don Quixote (Cervantes)	Don Quixote
Disc 19	FEDERALI	History	The Federalist Papers
Disc 19	H_O_ANV1	History	History of Andrew Jackson Vol 1
Disc 19	HETH_SNO	Uncategorized	HETH SNO
Disc 19	HUCK_FIN	Huckleberry Finn (Twain)	Huckleberry Finn
Disc 19	LIFE_O_M	Life on the Mississippi (Twain)	Life on the Mississippi
Disc 19	LSE	Uncategorized	LSE
Disc 19	MYST_I	Uncategorized	MYST I
Disc 19	OL_TW	Oliver Twist (Dickens)	Oliver Twist
Disc 19	OVERKILL	Uncategorized	OVERKILL
Disc 19	SHERMAN	Biographies	William Tecumseh Sherman
Disc 19	T_J_JACK	Biographies	Stonewall Jackson
Disc 19	T_S_ABRO	The Innocents Abroad (Twain)	The Innocents Abroad
Disc 19	THEOR_RO	Biographies	Theodore Roosevelt
Disc 19	WHIT_COM	Uncategorized	WHIT COM
Disc 20	CGWE	Uncategorized	CGWE
Disc 20	CHURCHIL	Biographies	Winston Churchill
Disc 20	ENT_AM	Uncategorized	ENT AM
Disc 20	FARADAY	Science	Faraday
Disc 20	FIAT_M_F	Uncategorized	FIAT M F
Disc 20	H_O_ANV2	History	History of Andrew Jackson Vol 2
Disc 20	HARVEY	Science	William Harvey
Disc 20	HISTORY	History	History Reader
Disc 20	IVANHOE	Ivanhoe (Scott)	Ivanhoe
Disc 20	J_DAV_V1	Biographies	Jefferson Davis Vol 1
Disc 20	J_DAV_V2	Biographies	Jefferson Davis Vol 2
Disc 20	JUL_CEAS	Shakespeare	Julius Caesar
Disc 20	LIN_S_AN	Biographies	Lincoln and Ann Rutledge
Disc 20	NUCLEAR	Science	Nuclear
Disc 20	TOTC	A Tale of Two Cities (Dickens)	A Tale of Two Cities
Disc 20	WAR_STAT	Uncategorized	WAR STAT
Disc 20	WORL_C	Uncategorized	WORL C
Disc 21	50_YEAR	History	Fifty Years
Disc 21	BBS_AH	Thornton Burgess - Bedtime Stories	Adventures of Hilltop
Disc 21	BBS_CTRY	Thornton Burgess - Bedtime Stories	Country Stories
Disc 21	BBS_HB	Thornton Burgess - Bedtime Stories	Happy Birthday
Disc 21	BBS_M_B	Thornton Burgess - Bedtime Stories	Mother Bear
Disc 21	BBS_SEA	Thornton Burgess - Bedtime Stories	At the Sea
Disc 21	BBS_SL	Thornton Burgess - Bedtime Stories	Sleepy
Disc 21	COM_S	Uncategorized	COM S
Disc 21	DTY_DIMP	Dorothy Dale	Dimple Dale
Disc 21	DTY_FLYA	Dorothy Dale	Flying Adventure
Disc 21	DTY_GRAN	Dorothy Dale	At Grandmas
Disc 21	DTY_HOME	Dorothy Dale	At Home
Disc 21	DTY_PLAY	Dorothy Dale	At Play
Disc 21	DTY_WEST	Dorothy Dale	Out West
Disc 21	GLWR_LT	Uncategorized	GLWR LT
Disc 21	HAMLET	Shakespeare	Hamlet
Disc 21	HENRY_V	Shakespeare	Henry V
Disc 21	J_L_VOL1	Uncategorized	J L VOL1
Disc 21	J_L_VOL2	Uncategorized	J L VOL2
Disc 21	MACHIAVL	The Prince (Machiavelli)	The Prince
Disc 21	MAST	Uncategorized	MAST
Disc 21	MILTON	Paradise Lost (Milton)	Paradise Lost
Disc 21	MILTON1	Classic Literature	Milton Other Works
Disc 21	NEWTON	Science	Isaac Newton
Disc 21	PRUD_SIS	Uncategorized	PRUD SIS
Disc 21	RM_CL_WR	Uncategorized	RM CL WR
Disc 21	RUTH_B_H	Ruth Fielding	At Briarwood Hall
Disc 21	RUTH_COL	Ruth Fielding	At College
Disc 21	RUTH_GYP	Ruth Fielding	Among the Gypsies
Disc 21	RUTH_H_B	Ruth Fielding	Homeward Bound
Disc 21	RUTH_M_P	Ruth Fielding	Moving Pictures
Disc 21	RUTH_R_C	Ruth Fielding	Red Cross
Disc 21	RUTH_RED	Ruth Fielding	Red Mill
Disc 21	RUTH_SNO	Ruth Fielding	Snow Camp
Disc 21	RUTH_SRH	Ruth Fielding	Seaside
Disc 21	RUTH_SUN	Ruth Fielding	Sunrise Farm
Disc 21	RUTH_WAR	Ruth Fielding	On the War Front
Disc 21	ULT_RES2	Uncategorized	ULT RES2
Disc 21	W_O_N	The Wealth of Nations (Smith)	The Wealth of Nations
Disc 22	ACRO	Uncategorized	ACRO
Disc 22	ANDY_GR	Classic Children	Andy Grant
Disc 22	BBS_BLUE	Thornton Burgess - Bedtime Stories	Bluebird
Disc 22	BBS_DBS	Thornton Burgess - Bedtime Stories	Days of Summer
Disc 22	BBS_G_C	Thornton Burgess - Bedtime Stories	Green Clearing
Disc 22	BBS_GWS	Thornton Burgess - Bedtime Stories	Green Woodlands
Disc 22	BND_RISE	Uncategorized	BND RISE
Disc 22	BOR_ROCK	Uncategorized	BOR ROCK
Disc 22	BOY_LAKE	Classic Children	Boys of the Lake
Disc 22	CAMP_PUT	Uncategorized	CAMP PUT
Disc 22	CHAR_COD	Uncategorized	CHAR COD
Disc 22	CHIRP_CT	Uncategorized	CHIRP CT
Disc 22	DICK_CAD	Uncategorized	DICK CAD
Disc 22	DICK_FOR	Uncategorized	DICK FOR
Disc 22	DOG_SPOT	Classic Children	Dog Spot
Disc 22	ELS_CH	Elsie Dinsmore	Elsies Children
Disc 22	ELS_DIN	Elsie Dinsmore	Elsie Dinsmore
Disc 22	ELS_GIR	Elsie Dinsmore	Elsies Girlhood
Disc 22	FIDDLE	Uncategorized	FIDDLE
Disc 22	FRK_CASH	Uncategorized	FRK CASH
Disc 22	FRNK_CAM	Uncategorized	FRNK CAM
Disc 22	FRONTW	Uncategorized	FRONTW
Disc 22	GORDON	Biographies	General Gordon
Disc 22	HARY_H_S	Uncategorized	HARY H S
Disc 22	HEC_INHE	Uncategorized	HEC INHE
Disc 22	HTD_MINE	Uncategorized	HTD MINE
Disc 22	IRISH	History	Irish History
Disc 22	JED_POOR	Uncategorized	JED POOR
Disc 22	JOE_LUCK	Classic Children	Joes Luck
Disc 22	LUKE_WAL	Classic Children	Luke Walton
Disc 22	MIL_ELS	Elsie Dinsmore	Millie and Elsie
Disc 22	MKWAY	Uncategorized	MKWAY
Disc 22	OFFI_REP	Uncategorized	OFFI REP
Disc 22	PAUL	Uncategorized	PAUL
Disc 22	PNY_ALKL	Pony Rider Boys	In Alkali
Disc 22	PNY_MONT	Pony Rider Boys	In Montana
Disc 22	PNY_NMEX	Pony Rider Boys	In New Mexico
Disc 22	PNY_ROCK	Pony Rider Boys	In the Rockies
Disc 22	RED_WOOD	Uncategorized	RED WOOD
Disc 22	RIS_RANK	Uncategorized	RIS RANK
Disc 22	ROV_AIR	Rover Boys	Rover Boys in the Air
Disc 22	ROV_CAMP	Rover Boys	Rover Boys in Camp
Disc 22	SAM_CH	Uncategorized	SAM CH
Disc 22	SLOW_SUR	Uncategorized	SLOW SUR
Disc 22	STR_SUC	Uncategorized	STR SUC
Disc 22	TOM_SMC	Tom Swift	Tom Swift and the Megascope
Disc 22	TOM_SWC	Tom Swift	Tom Swift (SWC)
Disc 22	TOM_SWE	Tom Swift	Tom Swift (SWE)
Disc 22	TOM_SWM	Tom Swift	Tom Swift (SWM)
Disc 22	TRAIN	Uncategorized	TRAIN
Disc 22	WAL_PROB	Uncategorized	WAL PROB
Disc 22	WON_CAPT	Uncategorized	WON CAPT
Disc 22	WON_CAST	Uncategorized	WON CAST
Disc 22	YOU_SALE	Uncategorized	YOU SALE
